dt,MACF rmb
2013-1-4,1020.0
2013-1-7,1065.0
2013-1-8,1065.0
2013-1-9,1075.0
2013-1-10,1075.0
2013-1-11,1065.0
2013-1-14,1055.0
2013-1-15,1045.0
2013-1-16,1035.0
2013-1-17,1020.0
2013-1-18,995.0
2013-1-21,995.0
2013-1-22,1005.0
2013-1-23,1010.0
2013-1-24,1015.0
2013-1-25,1020.0
2013-1-28,1020.0
2013-1-29,1020.0
2013-1-30,1020.0
2013-1-31,1020.0
2013-2-1,1020.0
2013-2-4,1020.0
2013-2-5,1035.0
2013-2-6,1035.0
2013-2-7,1035.0
2013-2-8,1035.0
2013-2-18,1055.0
2013-2-19,1065.0
2013-2-20,1075.0
2013-2-21,1075.0
2013-2-22,1065.0
2013-2-25,1055.0
2013-2-26,1045.0
2013-2-27,1040.0
2013-2-28,1040.0
2013-3-1,1035.0
2013-3-4,1035.0
2013-3-5,1030.0
2013-3-6,1020.0
2013-3-7,1020.0
2013-3-8,1020.0
2013-3-11,1020.0
2013-3-12,1015.0
2013-3-13,1005.0
2013-3-14,995.0
2013-3-15,955.0
2013-3-18,955.0
2013-3-19,935.0
2013-3-20,930.0
2013-3-21,930.0
2013-3-22,930.0
2013-3-25,935.0
2013-3-26,935.0
2013-3-27,945.0
2013-3-28,955.0
2013-3-29,950.0
2013-4-1,945.0
2013-4-2,940.0
2013-4-3,940.0
2013-4-8,945.0
2013-4-9,955.0
2013-4-10,965.0
2013-4-11,975.0
2013-4-12,975.0
2013-4-15,975.0
2013-4-16,975.0
2013-4-17,965.0
2013-4-18,965.0
2013-4-19,965.0
2013-4-22,955.0
2013-4-23,950.0
2013-4-24,945.0
2013-4-25,945.0
2013-4-26,940.0
2013-5-2,930.0
2013-5-3,925.0
2013-5-6,915.0
2013-5-7,915.0
2013-5-8,915.0
2013-5-9,915.0
2013-5-10,915.0
2013-5-13,915.0
2013-5-14,905.0
2013-5-15,900.0
2013-5-16,895.0
2013-5-17,885.0
2013-5-20,880.0
2013-5-21,870.0
2013-5-22,870.0
2013-5-23,865.0
2013-5-24,865.0
2013-5-27,865.0
2013-5-28,850.0
2013-5-29,835.0
2013-5-30,825.0
2013-5-31,785.0
2013-6-3,785.0
2013-6-4,795.0
2013-6-5,810.0
2013-6-6,815.0
2013-6-7,805.0
2013-6-13,785.0
2013-6-14,795.0
2013-6-17,805.0
2013-6-18,820.0
2013-6-19,830.0
2013-6-20,845.0
2013-6-21,845.0
2013-6-24,835.0
2013-6-25,825.0
2013-6-26,815.0
2013-6-27,810.0
2013-6-28,815.0
2013-7-1,825.0
2013-7-2,830.0
2013-7-3,835.0
2013-7-4,845.0
2013-7-5,845.0
2013-7-8,845.0
2013-7-9,845.0
2013-7-10,845.0
2013-7-11,845.0
2013-7-12,855.0
2013-7-15,860.0
2013-7-16,865.0
2013-7-17,865.0
2013-7-18,870.0
2013-7-19,880.0
2013-7-22,875.0
2013-7-23,875.0
2013-7-24,875.0
2013-7-25,885.0
2013-7-26,885.0
2013-7-29,885.0
2013-7-30,880.0
2013-7-31,880.0
2013-8-1,875.0
2013-8-2,875.0
2013-8-5,875.0
2013-8-6,880.0
2013-8-7,885.0
2013-8-8,895.0
2013-8-9,895.0
2013-8-12,900.0
2013-8-13,910.0
2013-8-14,930.0
2013-8-15,945.0
2013-8-16,940.0
2013-8-19,930.0
2013-8-20,930.0
2013-8-21,930.0
2013-8-22,925.0
2013-8-23,920.0
2013-8-26,920.0
2013-8-27,925.0
2013-8-28,925.0
2013-8-29,930.0
2013-8-30,930.0
2013-9-2,925.0
2013-9-3,935.0
2013-9-4,935.0
2013-9-5,935.0
2013-9-6,930.0
2013-9-9,930.0
2013-9-10,930.0
2013-9-11,930.0
2013-9-12,930.0
2013-9-13,925.0
2013-9-16,925.0
2013-9-17,920.0
2013-9-18,915.0
2013-9-23,915.0
2013-9-24,915.0
2013-9-25,915.0
2013-9-26,910.0
2013-9-27,905.0
2013-9-30,905.0
2013-10-8,905.0
2013-10-9,900.0
2013-10-10,900.0
2013-10-11,905.0
2013-10-14,910.0
2013-10-15,910.0
2013-10-16,910.0
2013-10-17,910.0
2013-10-18,910.0
2013-10-21,910.0
2013-10-22,910.0
2013-10-23,910.0
2013-10-24,910.0
2013-10-25,905.0
2013-10-28,900.0
2013-10-29,900.0
2013-10-30,895.0
2013-10-31,895.0
2013-11-1,895.0
2013-11-4,900.0
2013-11-5,910.0
2013-11-6,910.0
2013-11-7,915.0
2013-11-8,915.0
2013-11-11,915.0
2013-11-12,910.0
2013-11-13,910.0
2013-11-14,910.0
2013-11-15,910.0
2013-11-18,910.0
2013-11-19,905.0
2013-11-20,900.0
2013-11-21,900.0
2013-11-22,900.0
2013-11-25,900.0
2013-11-26,900.0
2013-11-27,900.0
2013-11-28,900.0
2013-11-29,905.0
2013-12-2,905.0
2013-12-3,905.0
2013-12-4,905.0
2013-12-5,905.0
2013-12-6,905.0
2013-12-9,905.0
2013-12-10,905.0
2013-12-11,905.0
2013-12-12,900.0
2013-12-13,900.0
2013-12-16,900.0
2013-12-17,895.0
2013-12-18,895.0
2013-12-19,890.0
2013-12-20,885.0
2013-12-23,885.0
2013-12-24,880.0
2013-12-25,875.0
2013-12-26,875.0
2013-12-27,875.0
2013-12-30,875.0
2013-12-31,875.0
2014-1-2,880.0
2014-1-3,885.0
2014-1-6,890.0
2014-1-7,890.0
2014-1-8,890.0
2014-1-9,885.0
2014-1-10,885.0
2014-1-13,885.0
2014-1-14,885.0
2014-1-15,875.0
2014-1-16,870.0
2014-1-17,865.0
2014-1-20,860.0
2014-1-21,850.0
2014-1-22,845.0
2014-1-23,835.0
2014-1-24,835.0
2014-1-27,845.0
2014-1-28,845.0
2014-1-29,840.0
2014-1-30,840.0
2014-2-7,840.0
2014-2-10,830.0
2014-2-11,830.0
2014-2-12,820.0
2014-2-13,820.0
2014-2-14,825.0
2014-2-17,825.0
2014-2-18,825.0
2014-2-19,825.0
2014-2-20,825.0
2014-2-21,820.0
2014-2-24,815.0
2014-2-25,810.0
2014-2-26,795.0
2014-2-27,785.0
2014-2-28,785.0
2014-3-3,785.0
2014-3-4,780.0
2014-3-5,775.0
2014-3-6,755.0
2014-3-7,750.0
2014-3-10,740.0
2014-3-11,710.0
2014-3-12,695.0
2014-3-13,695.0
2014-3-14,705.0
2014-3-17,710.0
2014-3-18,710.0
2014-3-19,710.0
2014-3-20,705.0
2014-3-21,700.0
2014-3-24,700.0
2014-3-25,705.0
2014-3-26,715.0
2014-3-27,720.0
2014-3-28,720.0
2014-3-31,720.0
2014-4-1,735.0
2014-4-2,755.0
2014-4-3,750.0
2014-4-4,745.0
2014-4-8,755.0
2014-4-9,775.0
2014-4-10,785.0
2014-4-11,785.0
2014-4-14,785.0
2014-4-15,780.0
2014-4-16,775.0
2014-4-17,765.0
2014-4-18,765.0
2014-4-21,755.0
2014-4-22,750.0
2014-4-23,740.0
2014-4-24,735.0
2014-4-25,735.0
2014-4-28,735.0
2014-4-29,725.0
2014-4-30,715.0
2014-5-5,710.0
2014-5-6,710.0
2014-5-7,705.0
2014-5-8,700.0
2014-5-9,695.0
2014-5-12,695.0
2014-5-13,685.0
2014-5-14,685.0
2014-5-15,685.0
2014-5-16,685.0
2014-5-19,685.0
2014-5-20,675.0
2014-5-21,670.0
2014-5-22,665.0
2014-5-23,665.0
2014-5-26,665.0
2014-5-27,665.0
2014-5-28,660.0
2014-5-29,655.0
2014-5-30,655.0
2014-6-3,645.0
2014-6-4,640.0
2014-6-5,635.0
2014-6-6,635.0
2014-6-9,635.0
2014-6-10,635.0
2014-6-11,630.0
2014-6-12,625.0
2014-6-13,615.0
2014-6-16,595.0
2014-6-17,595.0
2014-6-18,590.0
2014-6-19,590.0
2014-6-20,590.0
2014-6-23,590.0
2014-6-24,600.0
2014-6-25,605.0
2014-6-26,610.0
2014-6-27,620.0
2014-6-30,620.0
2014-7-1,615.0
2014-7-2,610.0
2014-7-3,615.0
2014-7-4,630.0
2014-7-7,635.0
2014-7-8,635.0
2014-7-9,635.0
2014-7-10,635.0
2014-7-11,635.0
2014-7-14,640.0
2014-7-15,645.0
2014-7-16,645.0
2014-7-17,650.0
2014-7-18,650.0
2014-7-21,645.0
2014-7-22,635.0
2014-7-23,630.0
2014-7-24,630.0
2014-7-25,625.0
2014-7-28,625.0
2014-7-29,625.0
2014-7-30,630.0
2014-7-31,630.0
2014-8-1,630.0
2014-8-4,630.0
2014-8-5,630.0
2014-8-6,635.0
2014-8-7,635.0
2014-8-8,635.0
2014-8-11,635.0
2014-8-12,630.0
2014-8-13,625.0
2014-8-14,620.0
2014-8-15,615.0
2014-8-18,615.0
2014-8-19,610.0
2014-8-20,610.0
2014-8-21,610.0
2014-8-22,605.0
2014-8-25,600.0
2014-8-26,595.0
2014-8-27,595.0
2014-8-28,595.0
2014-8-29,590.0
2014-9-1,590.0
2014-9-2,590.0
2014-9-3,590.0
2014-9-4,580.0
2014-9-5,575.0
2014-9-9,565.0
2014-9-10,565.0
2014-9-11,560.0
2014-9-12,555.0
2014-9-15,560.0
2014-9-16,580.0
2014-9-17,580.0
2014-9-18,575.0
2014-9-19,575.0
2014-9-22,570.0
2014-9-23,560.0
2014-9-24,560.0
2014-9-25,555.0
2014-9-26,555.0
2014-9-29,555.0
2014-9-30,555.0
2014-10-8,565.0
2014-10-9,560.0
2014-10-10,560.0
2014-10-13,565.0
2014-10-14,575.0
2014-10-15,575.0
2014-10-16,575.0
2014-10-17,570.0
2014-10-20,565.0
2014-10-21,565.0
2014-10-22,565.0
2014-10-23,560.0
2014-10-24,555.0
2014-10-27,555.0
2014-10-28,550.0
2014-10-29,545.0
2014-10-30,540.0
2014-10-31,535.0
2014-11-3,535.0
2014-11-4,530.0
2014-11-5,525.0
2014-11-6,520.0
2014-11-7,515.0
2014-11-10,515.0
2014-11-11,510.0
2014-11-12,510.0
2014-11-13,510.0
2014-11-14,510.0
2014-11-17,510.0
2014-11-18,510.0
2014-11-19,510.0
2014-11-20,500.0
2014-11-21,495.0
2014-11-24,495.0
2014-11-25,495.0
2014-11-26,490.0
2014-11-27,480.0
2014-11-28,490.0
2014-12-1,490.0
2014-12-2,490.0
2014-12-3,490.0
2014-12-4,485.0
2014-12-5,490.0
2014-12-8,490.0
2014-12-9,490.0
2014-12-10,485.0
2014-12-11,485.0
2014-12-12,485.0
2014-12-15,485.0
2014-12-16,485.0
2014-12-17,480.0
2014-12-18,475.0
2014-12-19,475.0
2014-12-22,475.0
2014-12-23,475.0
2014-12-24,465.0
2014-12-25,460.0
2014-12-26,460.0
2014-12-29,460.0
2014-12-30,470.0
2014-12-31,485.0
2015-1-5,485.0
2015-1-6,485.0
2015-1-7,495.0
2015-1-8,495.0
2015-1-9,495.0
2015-1-12,490.0
2015-1-13,485.0
2015-1-14,480.0
2015-1-15,475.0
2015-1-16,475.0
2015-1-19,475.0
2015-1-20,475.0
2015-1-21,470.0
2015-1-22,470.0
2015-1-23,460.0
2015-1-26,460.0
2015-1-27,460.0
2015-1-28,455.0
2015-1-29,450.0
2015-1-30,450.0
2015-2-2,450.0
2015-2-3,455.0
2015-2-4,455.0
2015-2-5,455.0
2015-2-6,455.0
2015-2-9,455.0
2015-2-10,450.0
2015-2-11,450.0
2015-2-12,450.0
2015-2-13,450.0
2015-2-16,450.0
2015-2-17,450.0
2015-2-25,450.0
2015-2-26,450.0
2015-2-27,450.0
2015-3-2,450.0
2015-3-3,450.0
2015-3-4,450.0
2015-3-5,445.0
2015-3-6,440.0
2015-3-9,435.0
2015-3-10,430.0
2015-3-11,425.0
2015-3-12,425.0
2015-3-13,425.0
2015-3-16,425.0
2015-3-17,420.0
2015-3-18,420.0
2015-3-19,415.0
2015-3-20,410.0
2015-3-23,405.0
2015-3-24,400.0
2015-3-25,400.0
2015-3-26,400.0
2015-3-27,400.0
2015-3-30,400.0
2015-3-31,385.0
2015-4-1,380.0
2015-4-2,370.0
2015-4-3,360.0
2015-4-7,355.0
2015-4-8,355.0
2015-4-9,355.0
2015-4-10,355.0
2015-4-13,355.0
2015-4-14,355.0
2015-4-15,360.0
2015-4-16,365.0
2015-4-17,365.0
2015-4-20,365.0
2015-4-21,365.0
2015-4-22,365.0
2015-4-23,375.0
2015-4-24,380.0
2015-4-27,390.0
2015-4-28,410.0
2015-4-29,415.0
2015-4-30,405.0
2015-5-4,400.0
2015-5-5,405.0
2015-5-6,410.0
2015-5-7,415.0
2015-5-8,415.0
2015-5-11,415.0
2015-5-12,420.0
2015-5-13,425.0
2015-5-14,425.0
2015-5-15,415.0
2015-5-18,415.0
2015-5-19,415.0
2015-5-20,415.0
2015-5-21,415.0
2015-5-22,415.0
2015-5-25,415.0
2015-5-26,415.0
2015-5-27,425.0
2015-5-28,425.0
2015-5-29,420.0
2015-6-1,420.0
2015-6-2,430.0
2015-6-3,440.0
2015-6-4,440.0
2015-6-5,440.0
2015-6-8,440.0
2015-6-9,440.0
2015-6-10,440.0
2015-6-11,450.0
2015-6-12,455.0
2015-6-15,455.0
2015-6-16,455.0
2015-6-17,455.0
2015-6-18,450.0
2015-6-19,445.0
2015-6-23,440.0
2015-6-24,440.0
2015-6-25,445.0
2015-6-26,445.0
2015-6-29,445.0
2015-6-30,440.0
2015-7-1,435.0
2015-7-2,430.0
2015-7-3,425.0
2015-7-6,420.0
2015-7-7,410.0
2015-7-8,390.0
2015-7-9,365.0
2015-7-10,375.0
2015-7-13,375.0
2015-7-14,375.0
2015-7-15,375.0
2015-7-16,375.0
2015-7-17,375.0
2015-7-20,370.0
2015-7-21,385.0
2015-7-22,390.0
2015-7-23,380.0
2015-7-24,380.0
2015-7-27,380.0
2015-7-28,385.0
2015-7-29,390.0
2015-7-30,400.0
2015-7-31,405.0
2015-8-3,405.0
2015-8-4,415.0
2015-8-5,415.0
2015-8-6,415.0
2015-8-7,415.0
2015-8-10,415.0
2015-8-11,410.0
2015-8-12,410.0
2015-8-13,410.0
2015-8-14,415.0
2015-8-17,415.0
2015-8-18,415.0
2015-8-19,415.0
2015-8-20,415.0
2015-8-21,410.0
2015-8-24,410.0
2015-8-25,400.0
2015-8-26,395.0
2015-8-27,400.0
2015-8-28,405.0
2015-8-31,405.0
2015-9-1,415.0
2015-9-2,415.0
2015-9-7,415.0
2015-9-8,420.0
2015-9-9,425.0
2015-9-10,435.0
2015-9-11,440.0
2015-9-14,440.0
2015-9-15,440.0
2015-9-16,435.0
2015-9-17,435.0
2015-9-18,435.0
2015-9-21,435.0
2015-9-22,430.0
2015-9-23,430.0
2015-9-24,425.0
2015-9-25,420.0
2015-9-28,420.0
2015-9-29,420.0
2015-9-30,420.0
2015-10-8,420.0
2015-10-9,415.0
2015-10-12,415.0
2015-10-13,415.0
2015-10-14,415.0
2015-10-15,410.0
2015-10-16,410.0
2015-10-19,405.0
2015-10-20,405.0
2015-10-21,405.0
2015-10-22,400.0
2015-10-23,390.0
2015-10-26,390.0
2015-10-27,385.0
2015-10-28,375.0
2015-10-29,375.0
2015-10-30,370.0
2015-11-2,370.0
2015-11-3,370.0
2015-11-4,355.0
2015-11-5,350.0
2015-11-6,350.0
2015-11-9,345.0
2015-11-10,345.0
2015-11-11,345.0
2015-11-12,345.0
2015-11-13,345.0
2015-11-16,345.0
2015-11-17,345.0
2015-11-18,340.0
2015-11-19,335.0
2015-11-20,330.0
2015-11-23,330.0
2015-11-24,330.0
2015-11-25,325.0
2015-11-26,320.0
2015-11-27,320.0
2015-11-30,315.0
2015-12-1,310.0
2015-12-2,305.0
2015-12-3,300.0
2015-12-4,295.0
2015-12-7,290.0
2015-12-8,290.0
2015-12-9,285.0
2015-12-10,285.0
2015-12-11,285.0
2015-12-14,280.0
2015-12-15,280.0
2015-12-16,285.0
2015-12-17,285.0
2015-12-18,285.0
2015-12-21,295.0
2015-12-22,295.0
2015-12-23,295.0
2015-12-24,298.0
2015-12-25,300.0
2015-12-28,303.0
2015-12-29,308.0
2015-12-30,313.0
2015-12-31,315.0
2016-1-4,325.0
2016-1-5,322.0
2016-1-6,317.0
2016-1-7,317.0
2016-1-8,315.0
2016-1-11,315.0
2016-1-12,313.0
2016-1-13,310.0
2016-1-14,305.0
2016-1-15,305.0
2016-1-18,303.0
2016-1-19,310.0
2016-1-20,310.0
2016-1-21,310.0
2016-1-22,305.0
2016-1-25,305.0
2016-1-26,305.0
2016-1-27,305.0
2016-1-28,305.0
2016-1-29,308.0
2016-2-1,310.0
2016-2-2,310.0
2016-2-3,310.0
2016-2-4,320.0
2016-2-5,320.0
2016-2-15,325.0
2016-2-16,330.0
2016-2-17,335.0
2016-2-18,335.0
2016-2-19,338.0
2016-2-22,360.0
2016-2-23,365.0
2016-2-24,355.0
2016-2-25,353.0
2016-2-26,350.0
2016-2-29,345.0
2016-3-1,355.0
2016-3-2,365.0
2016-3-3,370.0
2016-3-4,370.0
2016-3-7,465.0
2016-3-8,475.0
2016-3-9,455.0
2016-3-10,435.0
2016-3-11,425.0
2016-3-14,420.0
2016-3-15,395.0
2016-3-16,390.0
2016-3-17,405.0
2016-3-18,410.0
2016-3-21,420.0
2016-3-22,415.0
2016-3-23,415.0
2016-3-24,405.0
2016-3-25,400.0
2016-3-28,400.0
2016-3-29,390.0
2016-3-30,390.0
2016-3-31,390.0
2016-4-1,395.0
2016-4-5,405.0
2016-4-6,400.0
2016-4-7,400.0
2016-4-8,400.0
2016-4-11,410.0
2016-4-12,415.0
2016-4-13,440.0
2016-4-14,435.0
2016-4-15,430.0
2016-4-18,440.0
2016-4-19,440.0
2016-4-20,470.0
2016-4-21,500.0
2016-4-22,500.0
2016-4-25,490.0
2016-4-26,480.0
2016-4-27,460.0
2016-4-28,480.0
2016-4-29,490.0
2016-5-3,485.0
2016-5-4,460.0
2016-5-5,450.0
2016-5-6,450.0
2016-5-9,430.0
2016-5-10,420.0
2016-5-11,415.0
2016-5-12,410.0
2016-5-13,400.0
2016-5-16,395.0
2016-5-17,405.0
2016-5-18,405.0
2016-5-19,395.0
2016-5-20,395.0
2016-5-23,375.0
2016-5-24,365.0
2016-5-25,365.0
2016-5-26,360.0
2016-5-27,360.0
2016-5-30,360.0
2016-5-31,350.0
2016-6-1,350.0
2016-6-2,350.0
2016-6-3,350.0
2016-6-6,360.0
2016-6-7,365.0
2016-6-8,365.0
2016-6-13,370.0
2016-6-14,365.0
2016-6-15,365.0
2016-6-16,365.0
2016-6-17,365.0
2016-6-20,365.0
2016-6-21,365.0
2016-6-22,370.0
2016-6-23,375.0
2016-6-24,375.0
2016-6-27,395.0
2016-6-28,395.0
2016-6-29,395.0
2016-6-30,400.0
2016-7-1,400.0
2016-7-4,410.0
2016-7-5,410.0
2016-7-6,410.0
2016-7-7,415.0
2016-7-8,415.0
2016-7-11,415.0
2016-7-12,425.0
2016-7-13,435.0
2016-7-14,430.0
2016-7-15,425.0
2016-7-18,415.0
2016-7-19,410.0
2016-7-20,400.0
2016-7-21,415.0
2016-7-22,415.0
2016-7-25,420.0
2016-7-26,425.0
2016-7-27,435.0
2016-7-28,440.0
2016-7-29,435.0
2016-8-1,440.0
2016-8-2,445.0
2016-8-3,445.0
2016-8-4,440.0
2016-8-5,445.0
2016-8-8,450.0
2016-8-9,450.0
2016-8-10,450.0
2016-8-11,440.0
2016-8-12,435.0
2016-8-15,435.0
2016-8-16,440.0
2016-8-17,440.0
2016-8-18,440.0
2016-8-19,440.0
2016-8-22,440.0
2016-8-23,440.0
2016-8-24,440.0
2016-8-25,435.0
2016-8-26,435.0
2016-8-29,435.0
2016-8-30,430.0
2016-8-31,430.0
2016-9-1,430.0
2016-9-2,435.0
2016-9-5,435.0
2016-9-6,435.0
2016-9-7,425.0
2016-9-8,425.0
2016-9-9,423.0
2016-9-12,420.0
2016-9-13,410.0
2016-9-14,410.0
2016-9-19,415.0
2016-9-20,420.0
2016-9-21,420.0
2016-9-22,425.0
2016-9-23,425.0
2016-9-26,425.0
2016-9-27,430.0
2016-9-28,430.0
2016-9-29,435.0
2016-9-30,430.0
2016-10-10,435.0
2016-10-11,440.0
2016-10-12,440.0
2016-10-13,440.0
2016-10-14,440.0
2016-10-17,450.0
2016-10-18,450.0
2016-10-19,455.0
2016-10-20,455.0
2016-10-21,455.0
2016-10-24,460.0
2016-10-25,465.0
2016-10-26,470.0
2016-10-27,470.0
2016-10-28,475.0
2016-10-31,475.0
2016-11-1,480.0
2016-11-2,480.0
2016-11-3,480.0
2016-11-4,480.0
2016-11-7,500.0
2016-11-8,510.0
2016-11-9,540.0
2016-11-10,570.0
2016-11-11,595.0
2016-11-14,605.0
2016-11-15,595.0
2016-11-16,585.0
2016-11-17,580.0
2016-11-18,575.0
2016-11-21,575.0
2016-11-22,595.0
2016-11-23,605.0
2016-11-24,615.0
2016-11-25,625.0
2016-11-28,640.0
2016-11-29,635.0
2016-11-30,620.0
2016-12-1,625.0
2016-12-2,625.0
2016-12-5,625.0
2016-12-6,625.0
2016-12-7,630.0
2016-12-8,630.0
2016-12-9,620.0
2016-12-12,645.0
2016-12-13,640.0
2016-12-14,630.0
2016-12-15,630.0
2016-12-16,630.0
2016-12-19,625.0
2016-12-20,620.0
2016-12-21,620.0
2016-12-22,615.0
2016-12-23,610.0
2016-12-26,605.0
2016-12-27,605.0
2016-12-28,610.0
2016-12-29,610.0
2016-12-30,605.0
2017-1-3,600.0
2017-1-4,600.0
2017-1-5,600.0
2017-1-6,600.0
2017-1-9,600.0
2017-1-10,605.0
2017-1-11,605.0
2017-1-12,610.0
2017-1-13,610.0
2017-1-16,630.0
2017-1-17,630.0
2017-1-18,625.0
2017-1-19,625.0
2017-1-20,620.0
2017-1-23,620.0
2017-1-24,630.0
2017-1-25,630.0
2017-1-26,630.0
2017-2-3,625.0
2017-2-6,610.0
2017-2-7,620.0
2017-2-8,625.0
2017-2-9,635.0
2017-2-10,645.0
2017-2-13,675.0
2017-2-14,680.0
2017-2-15,680.0
2017-2-16,680.0
2017-2-17,680.0
2017-2-20,685.0
2017-2-21,695.0
2017-2-22,690.0
2017-2-23,685.0
2017-2-24,675.0
2017-2-27,690.0
2017-2-28,680.0
2017-3-1,675.0
2017-3-2,675.0
2017-3-3,670.0
2017-3-6,660.0
2017-3-7,655.0
2017-3-8,655.0
2017-3-9,645.0
2017-3-10,645.0
2017-3-13,655.0
2017-3-14,655.0
2017-3-15,665.0
2017-3-16,665.0
2017-3-17,665.0
2017-3-20,670.0
2017-3-21,665.0
2017-3-22,645.0
2017-3-23,645.0
2017-3-24,645.0
2017-3-27,620.0
2017-3-28,610.0
2017-3-29,610.0
2017-3-30,610.0
2017-3-31,610.0
2017-4-5,600.0
2017-4-6,595.0
2017-4-7,580.0
2017-4-10,560.0
2017-4-11,550.0
2017-4-12,520.0
2017-4-13,495.0
2017-4-14,495.0
2017-4-17,475.0
2017-4-18,450.0
2017-4-19,450.0
2017-4-20,450.0
2017-4-21,475.0
2017-4-24,465.0
2017-4-25,465.0
2017-4-26,470.0
2017-4-27,475.0
2017-4-28,490.0
2017-5-2,500.0
2017-5-3,490.0
2017-5-4,460.0
2017-5-5,445.0
2017-5-8,445.0
2017-5-9,445.0
2017-5-10,450.0
2017-5-11,440.0
2017-5-12,430.0
2017-5-15,430.0
2017-5-16,430.0
2017-5-17,445.0
2017-5-18,440.0
2017-5-19,450.0
2017-5-22,460.0
2017-5-23,450.0
2017-5-24,435.0
2017-5-25,430.0
2017-5-26,430.0
2017-5-31,415.0
2017-6-1,410.0
2017-6-2,415.0
2017-6-5,415.0
2017-6-6,415.0
2017-6-7,415.0
2017-6-8,410.0
2017-6-9,410.0
2017-6-12,407.0
2017-6-13,400.0
2017-6-14,400.0
2017-6-15,400.0
2017-6-16,400.0
2017-6-19,400.0
2017-6-20,400.0
2017-6-21,400.0
2017-6-22,400.0
2017-6-23,405.0
2017-6-26,405.0
2017-6-27,418.0
2017-6-28,428.0
2017-6-29,448.0
2017-6-30,443.0
2017-7-3,450.0
2017-7-4,440.0
2017-7-5,440.0
2017-7-6,440.0
2017-7-7,447.0
2017-7-10,450.0
2017-7-11,460.0
2017-7-12,460.0
2017-7-13,460.0
2017-7-14,455.0
2017-7-17,467.0
2017-7-18,487.0
2017-7-19,498.0
2017-7-20,496.0
2017-7-21,496.0
2017-7-24,493.0
2017-7-25,493.0
2017-7-26,496.0
2017-7-27,501.0
2017-7-28,501.0
2017-7-31,501.0
2017-8-1,525.0
2017-8-2,525.0
2017-8-3,525.0
2017-8-4,535.0
2017-8-7,545.0
2017-8-8,555.0
2017-8-9,565.0
2017-8-10,568.0
2017-8-11,555.0
2017-8-14,555.0
2017-8-15,550.0
2017-8-16,550.0
2017-8-17,570.0
2017-8-18,575.0
2017-8-21,585.0
2017-8-22,585.0
2017-8-23,565.0
2017-8-24,572.0
2017-8-25,572.0
2017-8-28,567.0
2017-8-29,560.0
2017-8-30,555.0
2017-8-31,565.0
2017-9-1,573.0
2017-9-4,565.0
2017-9-5,567.0
2017-9-6,558.0
2017-9-7,555.0
2017-9-8,550.0
2017-9-11,552.0
2017-9-12,555.0
2017-9-13,555.0
2017-9-14,545.0
2017-9-15,540.0
2017-9-18,543.0
2017-9-19,540.0
2017-9-20,533.0
2017-9-21,518.0
2017-9-22,498.0
2017-9-25,493.0
2017-9-26,483.0
2017-9-27,483.0
2017-9-28,475.0
2017-9-29,475.0
2017-10-9,478.0
2017-10-10,468.0
2017-10-11,466.0
2017-10-12,461.0
2017-10-13,463.0
2017-10-16,463.0
2017-10-17,458.0
2017-10-18,458.0
2017-10-19,448.0
2017-10-20,458.0
2017-10-23,461.0
2017-10-24,461.0
2017-10-25,461.0
2017-10-26,458.0
2017-10-27,448.0
2017-10-30,438.0
2017-10-31,438.0
2017-11-1,438.0
2017-11-2,443.0
2017-11-3,443.0
2017-11-6,443.0
2017-11-7,450.0
2017-11-8,450.0
2017-11-9,442.0
2017-11-10,442.0
2017-11-13,442.0
2017-11-14,445.0
2017-11-15,437.0
2017-11-16,439.0
2017-11-17,439.0
2017-11-20,437.0
2017-11-21,437.0
2017-11-22,440.0
2017-11-23,457.0
2017-11-24,457.0
2017-11-27,460.0
2017-11-28,460.0
2017-11-29,465.0
2017-11-30,465.0
2017-12-1,470.0
2017-12-4,470.0
2017-12-5,495.0
2017-12-6,475.0
2017-12-7,455.0
2017-12-8,460.0
2017-12-11,460.0
2017-12-12,457.0
2017-12-13,467.0
2017-12-14,467.0
2017-12-15,467.0
2017-12-18,472.0
2017-12-19,482.0
2017-12-20,480.0
2017-12-21,480.0
2017-12-22,485.0
2017-12-25,485.0
2017-12-26,473.0
2017-12-27,471.0
2017-12-28,473.0
2017-12-29,483.0
2018-1-2,491.0
2018-1-3,488.0
2018-1-4,490.0
2018-1-5,495.0
2018-1-8,504.0
2018-1-9,511.0
2018-1-10,511.0
2018-1-11,511.0
2018-1-12,504.0
2018-1-15,499.0
2018-1-16,495.0
2018-1-17,495.0
2018-1-18,500.0
2018-1-19,500.0
2018-1-22,505.0
2018-1-23,495.0
2018-1-24,495.0
2018-1-25,500.0
2018-1-26,494.0
2018-1-29,497.0
2018-1-30,497.0
2018-1-31,497.0
2018-2-1,496.0
2018-2-2,499.0
2018-2-5,505.0
2018-2-6,503.0
2018-2-7,503.0
2018-2-8,503.0
2018-2-9,508.0
2018-2-12,508.0
2018-2-13,508.0
2018-2-14,508.0
2018-2-22,511.0
2018-2-23,518.0
2018-2-26,528.0
2018-2-27,526.0
2018-2-28,523.0
2018-3-1,525.0
2018-3-2,518.0
2018-3-5,508.0
2018-3-6,505.0
2018-3-7,505.0
2018-3-8,495.0
2018-3-9,475.0
2018-3-12,467.0
2018-3-13,467.0
2018-3-14,475.0
2018-3-15,475.0
2018-3-16,472.0
2018-3-19,452.0
2018-3-20,447.0
2018-3-21,447.0
2018-3-22,447.0
2018-3-23,427.0
2018-3-26,422.0
2018-3-27,427.0
2018-3-28,424.0
2018-3-29,424.0
2018-3-30,427.0
2018-4-2,432.0
2018-4-3,427.0
2018-4-4,422.0
2018-4-9,422.0
2018-4-10,425.0
2018-4-11,425.0
2018-4-12,421.0
2018-4-13,426.0
2018-4-16,418.0
2018-4-17,418.0
2018-4-18,421.0
2018-4-19,443.0
2018-4-20,436.0
2018-4-23,450.0
2018-4-24,445.0
2018-4-25,445.0
2018-4-26,440.0
2018-4-27,435.0
2018-5-2,448.0
2018-5-3,448.0
2018-5-4,445.0
2018-5-7,445.0
2018-5-8,448.0
2018-5-9,445.0
2018-5-10,442.0
2018-5-11,449.0
2018-5-14,452.0
2018-5-15,450.0
2018-5-16,450.0
2018-5-17,447.0
2018-5-18,445.0
2018-5-21,440.0
2018-5-22,434.0
2018-5-23,432.0
2018-5-24,434.0
2018-5-25,434.0
2018-5-28,431.0
2018-5-29,436.0
2018-5-30,431.0
2018-5-31,433.0
2018-6-1,433.0
2018-6-4,431.0
2018-6-5,436.0
2018-6-6,439.0
2018-6-7,439.0
2018-6-8,434.0
2018-6-11,438.0
2018-6-12,438.0
2018-6-13,438.0
2018-6-14,441.0
2018-6-15,441.0
2018-6-19,428.0
2018-6-20,428.0
2018-6-21,428.0
2018-6-22,431.0
2018-6-25,437.0
2018-6-26,434.0
2018-6-27,434.0
2018-6-28,438.0
2018-6-29,441.0
2018-7-2,436.0
2018-7-3,441.0
2018-7-4,441.0
2018-7-5,439.0
2018-7-6,441.0
2018-7-9,441.0
2018-7-10,441.0
2018-7-11,443.0
2018-7-12,445.0
2018-7-13,445.0
2018-7-16,447.0
2018-7-17,447.0
2018-7-18,447.0
2018-7-19,447.0
2018-7-20,447.0
2018-7-23,449.0
2018-7-24,452.0
2018-7-25,454.0
2018-7-26,454.0
2018-7-27,463.0
2018-7-30,463.0
2018-7-31,463.0
2018-8-1,459.0
2018-8-2,459.0
2018-8-3,465.0
2018-8-6,475.0
2018-8-7,480.0
2018-8-8,478.0
2018-8-9,484.0
2018-8-10,481.0
2018-8-13,489.0
2018-8-14,482.0
2018-8-15,478.0
2018-8-16,474.0
2018-8-17,481.0
2018-8-20,483.0
2018-8-21,471.0
2018-8-22,469.0
2018-8-23,469.0
2018-8-24,472.0
2018-8-27,462.0
2018-8-28,464.0
2018-8-29,464.0
2018-8-30,467.0
2018-8-31,467.0
2018-9-3,467.0
2018-9-4,467.0
2018-9-5,468.0
2018-9-6,476.0
2018-9-7,476.0
2018-9-10,477.0
2018-9-11,472.0
2018-9-12,469.0
2018-9-13,469.0
2018-9-14,481.0
2018-9-17,481.0
2018-9-18,484.0
2018-9-19,486.0
2018-9-20,486.0
2018-9-21,488.0
2018-9-25,484.0
2018-9-26,491.0
2018-9-27,491.0
2018-9-28,494.0
2018-10-8,498.0
2018-10-9,505.0
2018-10-10,508.0
2018-10-11,510.0
2018-10-12,514.0
2018-10-15,514.0
2018-10-16,514.0
2018-10-17,524.0
2018-10-18,524.0
2018-10-19,524.0
2018-10-22,530.0
2018-10-23,530.0
2018-10-24,542.0
2018-10-25,547.0
2018-10-26,552.0
2018-10-29,560.0
2018-10-30,560.0
2018-10-31,557.0
2018-11-1,550.0
2018-11-2,543.0
2018-11-5,546.0
2018-11-6,546.0
2018-11-7,545.0
2018-11-8,547.0
2018-11-9,552.0
2018-11-12,549.0
2018-11-13,549.0
2018-11-14,547.0
2018-11-15,547.0
2018-11-16,550.0
2018-11-19,552.0
2018-11-20,544.0
2018-11-21,544.0
2018-11-22,540.0
2018-11-23,528.0
2018-11-26,495.0
2018-11-27,488.0
2018-11-28,488.0
2018-11-29,490.0
2018-11-30,490.0
2018-12-3,502.0
2018-12-4,505.0
2018-12-5,505.0
2018-12-6,503.0
2018-12-7,505.0
2018-12-10,503.0
2018-12-11,500.0
2018-12-12,500.0
2018-12-13,502.0
2018-12-14,506.0
2018-12-17,513.0
2018-12-18,510.0
2018-12-19,510.0
2018-12-20,510.0
2018-12-21,512.0
2018-12-24,509.0
2018-12-25,505.0
2018-12-26,507.0
2018-12-27,508.0
2018-12-28,506.0
2018-12-29,506.0
2019-1-2,508.0
2019-1-3,515.0
2019-1-4,520.0
2019-1-7,523.0
2019-1-8,530.0
2019-1-9,530.0
2019-1-10,530.0
2019-1-11,530.0
2019-1-14,530.0
2019-1-15,530.0
2019-1-16,530.0
2019-1-17,528.0
2019-1-18,538.0
2019-1-21,540.0
2019-1-22,536.0
2019-1-23,534.0
2019-1-24,528.0
2019-1-25,529.0
2019-1-28,546.0
2019-1-29,543.0
2019-1-30,575.0
2019-1-31,575.0
2019-2-1,598.0
2019-2-2,598.0
2019-2-3,598.0
2019-2-11,632.0
2019-2-12,622.0
2019-2-13,607.0
2019-2-14,609.0
2019-2-15,607.0
2019-2-18,609.0
2019-2-19,614.0
2019-2-20,607.0
2019-2-21,605.0
2019-2-22,600.0
2019-2-25,592.0
2019-2-26,586.0
2019-2-27,586.0
2019-2-28,596.0
2019-3-1,610.0
2019-3-4,608.0
2019-3-5,606.0
2019-3-6,601.0
2019-3-7,611.0
2019-3-8,604.0
2019-3-11,593.0
2019-3-12,601.0
2019-3-13,596.0
2019-3-14,613.0
2019-3-15,613.0
2019-3-18,618.0
2019-3-19,618.0
2019-3-20,600.0
2019-3-21,603.0
2019-3-22,603.0
2019-3-25,601.0
2019-3-26,598.0
2019-3-27,601.0
2019-3-28,597.0
2019-3-29,609.0
2019-4-1,612.0
2019-4-2,619.0
2019-4-3,636.0
2019-4-4,632.0
2019-4-8,652.0
2019-4-9,648.0
2019-4-10,647.0
2019-4-11,651.0
2019-4-12,654.0
2019-4-15,654.0
2019-4-16,649.0
2019-4-17,642.0
2019-4-18,637.0
2019-4-19,642.0
2019-4-22,650.0
2019-4-23,649.0
2019-4-24,648.0
2019-4-25,647.0
2019-4-26,647.0
2019-4-29,653.0
2019-4-30,657.0
2019-5-6,655.0
2019-5-7,668.0
2019-5-8,662.0
2019-5-9,660.0
2019-5-10,667.0
2019-5-13,667.0
2019-5-14,663.0
2019-5-15,666.0
2019-5-16,683.0
2019-5-17,702.0
2019-5-20,704.0
2019-5-21,709.0
2019-5-22,722.0
2019-5-23,726.0
2019-5-24,732.0
2019-5-27,765.0
2019-5-28,761.0
2019-5-29,758.0
2019-5-30,758.0
2019-5-31,755.0
2019-6-3,739.0
2019-6-4,750.0
2019-6-5,747.0
2019-6-6,740.0
2019-6-10,748.0
2019-6-11,772.0
2019-6-12,775.0
2019-6-13,794.0
2019-6-14,806.0
2019-6-17,796.0
2019-6-18,807.0
2019-6-19,829.0
2019-6-20,848.0
2019-6-21,842.0
2019-6-24,838.0
2019-6-25,831.0
2019-6-26,833.0
2019-6-27,843.0
2019-6-28,845.0
2019-7-1,872.0
2019-7-2,892.0
2019-7-3,890.0
2019-7-4,874.0
2019-7-5,844.0
2019-7-8,868.0
2019-7-9,883.0
2019-7-10,876.0
2019-7-11,869.0
2019-7-12,868.0
2019-7-15,879.0
2019-7-16,889.0
2019-7-17,881.0
2019-7-18,876.0
2019-7-19,886.0
2019-7-22,871.0
2019-7-23,867.0
2019-7-24,842.0
2019-7-25,852.0
2019-7-26,862.0
2019-7-29,860.0
2019-7-30,873.0
2019-7-31,868.0
2019-8-1,856.0
2019-8-2,837.0
2019-8-5,794.0
2019-8-6,771.0
2019-8-7,751.0
2019-8-8,749.0
2019-8-9,716.0
2019-8-12,698.0
2019-8-13,696.0
2019-8-14,706.0
2019-8-15,706.0
2019-8-16,711.0
2019-8-19,708.0
2019-8-20,708.0
2019-8-21,686.0
2019-8-22,683.0
2019-8-23,689.0
2019-8-26,679.0
2019-8-27,675.0
2019-8-28,665.0
2019-8-29,660.0
2019-8-30,662.0
2019-9-2,682.0
2019-9-3,684.0
2019-9-4,695.0
2019-9-5,698.0
2019-9-6,687.0
2019-9-9,702.0
2019-9-10,702.0
2019-9-11,702.0
2019-9-12,718.0
2019-9-16,718.0
2019-9-17,713.0
2019-9-18,713.0
2019-9-19,713.0
2019-9-20,713.0
2019-9-23,720.0
2019-9-24,717.0
2019-9-25,708.0
2019-9-26,708.0
2019-9-27,710.0
2019-9-30,718.0
2019-10-8,730.0
2019-10-9,712.0
2019-10-10,717.0
2019-10-11,709.0
2019-10-14,702.0
2019-10-15,699.0
2019-10-16,674.0
2019-10-17,656.0
2019-10-18,655.0
2019-10-21,652.0
2019-10-22,652.0
2019-10-23,660.0
2019-10-24,668.0
2019-10-25,668.0
2019-10-28,656.0
2019-10-29,653.0
2019-10-30,653.0
2019-10-31,653.0
2019-11-1,653.0
2019-11-4,653.0
2019-11-5,616.0
2019-11-6,616.0
2019-11-7,611.0
2019-11-8,603.0
2019-11-11,588.0
2019-11-12,590.0
2019-11-13,593.0
2019-11-14,598.0
2019-11-15,611.0
2019-11-18,611.0
2019-11-19,614.0
2019-11-20,617.0
2019-11-21,613.0
2019-11-22,621.0
2019-11-25,634.0
2019-11-26,628.0
2019-11-27,621.0
2019-11-28,623.0
2019-11-29,621.0
2019-12-2,621.0
2019-12-3,623.0
2019-12-4,633.0
2019-12-5,628.0
2019-12-6,624.0
2019-12-9,646.0
2019-12-10,658.0
2019-12-11,658.0
2019-12-12,654.0
2019-12-13,657.0
2019-12-16,653.0
2019-12-17,647.0
2019-12-18,646.0
2019-12-19,650.0
2019-12-20,646.0
2019-12-23,646.0
2019-12-24,645.0
